{
	"class_name" : "PinholeCameraParameters",
	"extrinsic" : 
	[
		-0.73221223761393961,
		0.27260844338837303,
		-0.62413930791270944,
		0.0,
		0.084169239707216292,
		-0.87315715083959011,
		-0.48011678686002907,
		0.0,
		-0.67585558973459481,
		-0.4040807178411977,
		0.61639110578710132,
		0.0,
		-74.556192047562945,
		78.764264990612446,
		2232.3240622727508,
		1.0
	],
	"intrinsic" : 
	{
		"height" : 720,
		"intrinsic_matrix" : 
		[
			623.53829072479584,
			0.0,
			0.0,
			0.0,
			623.53829072479584,
			0.0,
			639.5,
			359.5,
			1.0
		],
		"width" : 1280
	},
	"version_major" : 1,
	"version_minor" : 0
}