{ 
    "thermal_mtx" :[[409.5380 ,   0        , 323.1047],
       [  0       , 409.9164 , 253.5884],
       [  0      ,   0     ,   1     ]],
    "thermal_dist": [
      [-0.3755301,  0.1036690,  0.0,  0.0,  0.0]
      ],
    "rgb_mtx": [
        [1357.4989882976, 0.0, 977.3820173364815],
        [0.0, 1354.94336343080, 555.8392648536939],
        [0.0, 0.0, 1.0]
      ],
    "rgb_dist": [
      [0.11145470074406,	-0.192996410665570, 0, 0, 0]
      ],
    "ir_dist": [[0, 0, 0, 0, 0]],
    "ir_mtx": [
      [456.80859375, 0.0, 330.87109375],
      [0.0, 457.140625, 240.90625],
      [0.0, 0.0, 1.0]
    ], 
    "depth2rgb_rotation_matrix":[
      [0.9999972581863403, -0.0007797724683769047, 0.0022035473957657814],
      [0.0008269096724689007, 0.9997690916061401, -0.021472178399562836],
      [-0.002186295110732317, 0.021473942324519157, 0.999767005443573]
    ],
    "depth2rgb_translation_vector": [
      [-0.0004895784077234566, 0.0137535585090518, -0.005942316725850105]
    ],
    "rgb2thermal_rotation_matrix": [
    [1.0, 0.0, 0.0],
    [0.0, 1.0, 0.0],
    [0.0, 0.0, 1.0]
    ],
    "rgb2thermal_translation_vector": [
    [-0.050, 0.00, 0.017]
    ]
}
