{ 
    "ir_dist": [[-0.0570257492363453, 0.0661167874932289, -0.0006908587529324, 0.000159179864567704, -0.0208097510039806  
    ]],
    "ir_mtx": [
      [632.196594238281, 0.0, 642.179077148438],
      [0.0, 631.645935058594, 367.291229248047],
      [0.0, 0.0, 1.0]
    ]

}