{
	"class_name" : "PinholeCameraParameters",
	"extrinsic" : 
	[
		0.99707356102806788,
		0.076406833065594412,
		-0.0025119235048847582,
		0.0,
		-0.05648965811818292,
		0.75850696727825984,
		0.64921190617242053,
		0.0,
		0.051509537218837588,
		-0.6471701294491452,
		0.76060343880650316,
		0.0,
		-0.066107471477109506,
		0.29505583576979288,
		-0.065907144384126537,
		1.0
	],
	"intrinsic" : 
	{
		"height" : 540,
		"intrinsic_matrix" : 
		[
			467.65371804359688,
			0.0,
			0.0,
			0.0,
			467.65371804359688,
			0.0,
			479.5,
			269.5,
			1.0
		],
		"width" : 960
	},
	"version_major" : 1,
	"version_minor" : 0
}